{"mse": 0.7658958987366795, "r2": 0.2347747504857829}