{"mse": 0.7666027210103495, "r2": 0.23406854713409564}