{"mse": 0.7734000666577392, "r2": 0.22727715351567068}