{"mse": 0.7645152623144158, "r2": 0.23615417796732163}